{"cameraMode":{"drawMode":0,"name":"Shaded","section":"Shading Mode"},"sceneLighting":false,"audioPlay":false,"sceneViewState":{"showFog":true,"showMaterialUpdate":false,"showSkybox":true,"showFlares":true,"showImageEffects":true,"showParticleSystems":true},"in2DMode":false,"pivot":{"x":69.24897003173828,"y":1.382340908050537,"z":18.94808578491211},"rotation":{"x":0.29926612973213198,"y":0.6394443511962891,"z":-0.29784563183784487,"w":0.642525315284729},"size":5.7157673835754398,"orthographic":false}