{"cameraMode":{"drawMode":0,"name":"Shaded","section":"Shading Mode"},"sceneLighting":false,"audioPlay":false,"sceneViewState":{"showFog":true,"showMaterialUpdate":false,"showSkybox":true,"showFlares":true,"showImageEffects":true,"showParticleSystems":true},"in2DMode":false,"pivot":{"x":62.375526428222659,"y":-7.700315475463867,"z":21.840120315551759},"rotation":{"x":-0.10534095764160156,"y":0.08221700042486191,"z":-0.008742006495594979,"w":-0.990993082523346},"size":10.395345687866211,"orthographic":false}