{"cameraMode":{"drawMode":0,"name":"Shaded","section":"Shading Mode"},"sceneLighting":false,"audioPlay":false,"sceneViewState":{"showFog":true,"showMaterialUpdate":false,"showSkybox":true,"showFlares":true,"showImageEffects":true,"showParticleSystems":true},"in2DMode":false,"pivot":{"x":153.75,"y":324.7099914550781,"z":-6.909999847412109},"rotation":{"x":0.06888716667890549,"y":0.6930392980575562,"z":-0.06658592820167542,"w":0.7145050764083862},"size":10.193333625793457,"orthographic":true}