{"cameraMode":{"drawMode":0,"name":"Shaded","section":"Shading Mode"},"sceneLighting":false,"audioPlay":false,"sceneViewState":{"showFog":true,"showMaterialUpdate":false,"showSkybox":true,"showFlares":true,"showImageEffects":true,"showParticleSystems":true},"in2DMode":false,"pivot":{"x":70.29000091552735,"y":3.190000057220459,"z":19.959999084472658},"rotation":{"x":-0.5188725590705872,"y":-0.480155348777771,"z":0.521671712398529,"w":-0.4775780141353607},"size":5.7157673835754398,"orthographic":false}