{"cameraMode":{"drawMode":0,"name":"Shaded","section":"Shading Mode"},"sceneLighting":false,"audioPlay":false,"sceneViewState":{"showFog":true,"showMaterialUpdate":false,"showSkybox":true,"showFlares":true,"showImageEffects":true,"showParticleSystems":true},"in2DMode":false,"pivot":{"x":-2.154275894165039,"y":8.447009086608887,"z":8.786474227905274},"rotation":{"x":-0.18149957060813905,"y":0.12004029005765915,"z":-0.022330131381750108,"w":-0.9757815599441528},"size":36.441890716552737,"orthographic":false}