{"cameraMode":{"drawMode":0,"name":"Shaded","section":"Shading Mode"},"sceneLighting":false,"audioPlay":false,"sceneViewState":{"showFog":true,"showMaterialUpdate":false,"showSkybox":true,"showFlares":true,"showImageEffects":true,"showParticleSystems":true},"in2DMode":false,"pivot":{"x":-0.494598388671875,"y":3.9146728515625,"z":-3.2138671875},"rotation":{"x":-0.009858397766947747,"y":-0.04646216705441475,"z":0.0003446579212322831,"w":-0.998871386051178},"size":4.203655242919922,"orthographic":true}