{"cameraMode":{"drawMode":0,"name":"Shaded","section":"Shading Mode"},"sceneLighting":false,"audioPlay":false,"sceneViewState":{"showFog":true,"showMaterialUpdate":false,"showSkybox":true,"showFlares":true,"showImageEffects":true,"showParticleSystems":true},"in2DMode":false,"pivot":{"x":77.20181274414063,"y":-11.137349128723145,"z":12.874104499816895},"rotation":{"x":0.24509203433990479,"y":0.6175040006637573,"z":-0.21110112965106965,"w":0.7169763445854187},"size":28.068010330200197,"orthographic":false}