{"cameraMode":{"drawMode":0,"name":"Shaded","section":"Shading Mode"},"sceneLighting":false,"audioPlay":false,"sceneViewState":{"showFog":true,"showMaterialUpdate":false,"showSkybox":true,"showFlares":true,"showImageEffects":true,"showParticleSystems":true},"in2DMode":false,"pivot":{"x":-0.11498022079467774,"y":0.24794864654541017,"z":1.823333740234375},"rotation":{"x":0.20940379798412324,"y":-0.1826925128698349,"z":0.039859574288129809,"w":0.9597837328910828},"size":6.291962146759033,"orthographic":false}