{"cameraMode":{"drawMode":0,"name":"Shaded","section":"Shading Mode"},"sceneLighting":false,"audioPlay":false,"sceneViewState":{"showFog":true,"showMaterialUpdate":false,"showSkybox":true,"showFlares":true,"showImageEffects":true,"showParticleSystems":true},"in2DMode":false,"pivot":{"x":-2.8805909156799318,"y":-0.39054179191589358,"z":11.320892333984375},"rotation":{"x":0.06880240142345429,"y":-0.11407265067100525,"z":0.007919173687696457,"w":0.9910554885864258},"size":17.04044532775879,"orthographic":false}