{"cameraMode":{"drawMode":0,"name":"Shaded","section":"Shading Mode"},"sceneLighting":false,"audioPlay":false,"sceneViewState":{"showFog":true,"showMaterialUpdate":false,"showSkybox":true,"showFlares":true,"showImageEffects":true,"showParticleSystems":true},"in2DMode":false,"pivot":{"x":0.07414688169956207,"y":0.04229161888360977,"z":-0.18358081579208375},"rotation":{"x":0.024758033454418184,"y":0.9618105888366699,"z":-0.09292089194059372,"w":0.256267786026001},"size":0.6243892908096314,"orthographic":false}