{"cameraMode":{"drawMode":0,"name":"Shaded","section":"Shading Mode"},"sceneLighting":false,"audioPlay":false,"sceneViewState":{"showFog":true,"showMaterialUpdate":false,"showSkybox":true,"showFlares":true,"showImageEffects":true,"showParticleSystems":true},"in2DMode":false,"pivot":{"x":0.1162109375,"y":0.06103515625,"z":0.3347129821777344},"rotation":{"x":0.21614912152290345,"y":-0.6774080395698547,"z":0.21916404366493226,"w":0.6681056618690491},"size":1.5282682180404664,"orthographic":true}