{"cameraMode":{"drawMode":0,"name":"Shaded","section":"Shading Mode"},"sceneLighting":false,"audioPlay":false,"sceneViewState":{"showFog":true,"showMaterialUpdate":false,"showSkybox":true,"showFlares":true,"showImageEffects":true,"showParticleSystems":true},"in2DMode":false,"pivot":{"x":63.48711013793945,"y":-10.586702346801758,"z":-8.628124237060547},"rotation":{"x":-0.0024250170681625606,"y":-0.9673907160758972,"z":0.2531079947948456,"w":-0.009259487502276898},"size":30.195659637451173,"orthographic":false}