{"cameraMode":{"drawMode":0,"name":"Shaded","section":"Shading Mode"},"sceneLighting":false,"audioPlay":false,"sceneViewState":{"showFog":true,"showMaterialUpdate":false,"showSkybox":true,"showFlares":true,"showImageEffects":true,"showParticleSystems":true},"in2DMode":false,"pivot":{"x":72.94482421875,"y":2.1684932708740236,"z":28.978918075561525},"rotation":{"x":0.12099142372608185,"y":0.17882247269153596,"z":-0.02216431498527527,"w":0.9761620759963989},"size":10.332834243774414,"orthographic":false}