{"cameraMode":{"drawMode":0,"name":"Shaded","section":"Shading Mode"},"sceneLighting":false,"audioPlay":false,"sceneViewState":{"showFog":true,"showMaterialUpdate":false,"showSkybox":true,"showFlares":true,"showImageEffects":true,"showParticleSystems":true},"in2DMode":false,"pivot":{"x":1.3074307441711426,"y":8.00893783569336,"z":-1.3769633769989014},"rotation":{"x":-0.012063861824572087,"y":-0.6514021158218384,"z":0.010357498191297055,"w":-0.75856614112854},"size":5.4457197189331059,"orthographic":false}