{"cameraMode":{"drawMode":0,"name":"Shaded","section":"Shading Mode"},"sceneLighting":true,"audioPlay":false,"sceneViewState":{"showFog":true,"showMaterialUpdate":false,"showSkybox":true,"showFlares":true,"showImageEffects":true,"showParticleSystems":true},"in2DMode":false,"pivot":{"x":69.95887756347656,"y":1.1644922494888306,"z":30.0},"rotation":{"x":0.024304205551743509,"y":0.014401218853890896,"z":-0.00034780902205966413,"w":0.9996008276939392},"size":10.370530128479004,"orthographic":true}