{"cameraMode":{"drawMode":0,"name":"Shaded","section":"Shading Mode"},"sceneLighting":false,"audioPlay":false,"sceneViewState":{"showFog":true,"showMaterialUpdate":false,"showSkybox":true,"showFlares":true,"showImageEffects":true,"showParticleSystems":true},"in2DMode":false,"pivot":{"x":70.29000091552735,"y":3.190000057220459,"z":19.959999084472658},"rotation":{"x":0.3427106440067291,"y":0.5795440077781677,"z":-0.292500376701355,"w":0.6790594458580017},"size":5.7157673835754398,"orthographic":false}