{"cameraMode":{"drawMode":0,"name":"Shaded","section":"Shading Mode"},"sceneLighting":false,"audioPlay":false,"sceneViewState":{"showFog":true,"showMaterialUpdate":false,"showSkybox":true,"showFlares":true,"showImageEffects":true,"showParticleSystems":true},"in2DMode":false,"pivot":{"x":0.007383823394775391,"y":0.05015969276428223,"z":0.0015564560890197754},"rotation":{"x":-0.10181628167629242,"y":-0.869245171546936,"z":0.20114518702030183,"w":-0.4399852454662323},"size":0.6243892908096314,"orthographic":false}