{"cameraMode":{"drawMode":0,"name":"Shaded","section":"Shading Mode"},"sceneLighting":false,"audioPlay":false,"sceneViewState":{"showFog":true,"showMaterialUpdate":false,"showSkybox":true,"showFlares":true,"showImageEffects":true,"showParticleSystems":true},"in2DMode":false,"pivot":{"x":-0.0157470703125,"y":-0.01910400390625,"z":0.00199127197265625},"rotation":{"x":0.0136267663910985,"y":0.625250518321991,"z":-0.01076117530465126,"w":0.7802308797836304},"size":0.10500264167785645,"orthographic":true}