{"cameraMode":{"drawMode":0,"name":"Shaded","section":"Shading Mode"},"sceneLighting":false,"audioPlay":false,"sceneViewState":{"showFog":true,"showMaterialUpdate":false,"showSkybox":true,"showFlares":true,"showImageEffects":true,"showParticleSystems":true},"in2DMode":false,"pivot":{"x":69.96573638916016,"y":0.9704101085662842,"z":30.0},"rotation":{"x":-0.02396967075765133,"y":0.04857728257775307,"z":-0.0011660574236884714,"w":-0.9985311627388},"size":4.694964408874512,"orthographic":true}