{"cameraMode":{"drawMode":0,"name":"Shaded","section":"Shading Mode"},"sceneLighting":false,"audioPlay":false,"sceneViewState":{"showFog":true,"showMaterialUpdate":false,"showSkybox":true,"showFlares":true,"showImageEffects":true,"showParticleSystems":true},"in2DMode":false,"pivot":{"x":-0.1514807790517807,"y":0.15683606266975404,"z":0.07522042095661164},"rotation":{"x":-0.20492784678936006,"y":-0.3240598738193512,"z":0.07200494408607483,"w":-0.9207633137702942},"size":0.5793832540512085,"orthographic":true}