{"cameraMode":{"drawMode":0,"name":"Shaded","section":"Shading Mode"},"sceneLighting":false,"audioPlay":false,"sceneViewState":{"showFog":true,"showMaterialUpdate":false,"showSkybox":true,"showFlares":true,"showImageEffects":true,"showParticleSystems":true},"in2DMode":false,"pivot":{"x":0.0014890432357788087,"y":0.7134137153625488,"z":-0.08002209663391113},"rotation":{"x":0.08155032247304917,"y":-0.9063447713851929,"z":0.35989636182785036,"w":0.20582376420497895},"size":9.01098346710205,"orthographic":true}