{"cameraMode":{"drawMode":0,"name":"Shaded","section":"Shading Mode"},"sceneLighting":false,"audioPlay":false,"sceneViewState":{"showFog":true,"showMaterialUpdate":false,"showSkybox":true,"showFlares":true,"showImageEffects":true,"showParticleSystems":true},"in2DMode":false,"pivot":{"x":-0.8909984827041626,"y":-0.8920594453811646,"z":-9.437682151794434},"rotation":{"x":-0.0018733070464804769,"y":0.9954484105110169,"z":-0.09315700829029083,"w":-0.02001800760626793},"size":14.64909553527832,"orthographic":false}