{"cameraMode":{"drawMode":0,"name":"Shaded","section":"Shading Mode"},"sceneLighting":false,"audioPlay":false,"sceneViewState":{"showFog":true,"showMaterialUpdate":false,"showSkybox":true,"showFlares":true,"showImageEffects":true,"showParticleSystems":true},"in2DMode":false,"pivot":{"x":0.011182129383087159,"y":0.012729398906230927,"z":0.030450649559497834},"rotation":{"x":-0.0018733070464804769,"y":0.9954484105110169,"z":-0.09315700829029083,"w":-0.02001800760626793},"size":1.0584574937820435,"orthographic":false}