{"cameraMode":{"drawMode":0,"name":"Shaded","section":"Shading Mode"},"sceneLighting":false,"audioPlay":false,"sceneViewState":{"showFog":true,"showMaterialUpdate":false,"showSkybox":true,"showFlares":true,"showImageEffects":true,"showParticleSystems":true},"in2DMode":false,"pivot":{"x":74.15291595458985,"y":1.3397221565246583,"z":30.0},"rotation":{"x":-0.10905636847019196,"y":-0.17408806085586549,"z":0.01942066289484501,"w":-0.9784799218177795},"size":6.338833332061768,"orthographic":true}