{"cameraMode":{"drawMode":0,"name":"Shaded","section":"Shading Mode"},"sceneLighting":false,"audioPlay":false,"sceneViewState":{"showFog":true,"showMaterialUpdate":false,"showSkybox":true,"showFlares":true,"showImageEffects":true,"showParticleSystems":true},"in2DMode":false,"pivot":{"x":1.3867483139038087,"y":0.35106706619262698,"z":0.46417784690856936},"rotation":{"x":0.1427738517522812,"y":0.7527979612350464,"z":-0.17373286187648774,"w":0.6186500191688538},"size":6.324390411376953,"orthographic":false}