{"cameraMode":{"drawMode":0,"name":"Shaded","section":"Shading Mode"},"sceneLighting":false,"audioPlay":false,"sceneViewState":{"showFog":true,"showMaterialUpdate":false,"showSkybox":true,"showFlares":true,"showImageEffects":true,"showParticleSystems":true},"in2DMode":false,"pivot":{"x":90.38058471679688,"y":-30.035438537597658,"z":24.658681869506837},"rotation":{"x":0.28098127245903017,"y":0.53090900182724,"z":-0.1922397017478943,"w":0.7760342359542847},"size":58.95173263549805,"orthographic":false}