{"cameraMode":{"drawMode":0,"name":"Shaded","section":"Shading Mode"},"sceneLighting":false,"audioPlay":false,"sceneViewState":{"showFog":true,"showMaterialUpdate":false,"showSkybox":true,"showFlares":true,"showImageEffects":true,"showParticleSystems":true},"in2DMode":false,"pivot":{"x":-0.009979248046875,"y":0.086669921875,"z":1.220703125},"rotation":{"x":-0.008470426313579083,"y":-0.9598171710968018,"z":0.028727971017360688,"w":-0.27902328968048098},"size":0.11250980943441391,"orthographic":true}