{"cameraMode":{"drawMode":0,"name":"Shaded","section":"Shading Mode"},"sceneLighting":false,"audioPlay":false,"sceneViewState":{"showFog":true,"showMaterialUpdate":false,"showSkybox":true,"showFlares":true,"showImageEffects":true,"showParticleSystems":true},"in2DMode":false,"pivot":{"x":-1.4901161193847657e-8,"y":0.6865001916885376,"z":1.218437910079956},"rotation":{"x":-0.08274254202842713,"y":-0.6326247453689575,"z":0.06809238344430924,"w":-0.7670091390609741},"size":2.3934364318847658,"orthographic":true}