{"cameraMode":{"drawMode":0,"name":"Shaded","section":"Shading Mode"},"sceneLighting":false,"audioPlay":false,"sceneViewState":{"showFog":true,"showMaterialUpdate":false,"showSkybox":true,"showFlares":true,"showImageEffects":true,"showParticleSystems":true},"in2DMode":false,"pivot":{"x":-0.8405500054359436,"y":1.0288739204406739,"z":-7.402690887451172},"rotation":{"x":0.000624816573690623,"y":-0.9984280467033386,"z":0.05487228184938431,"w":0.011410757899284363},"size":12.758037567138672,"orthographic":false}