{"cameraMode":{"drawMode":0,"name":"Shaded","section":"Shading Mode"},"sceneLighting":false,"audioPlay":false,"sceneViewState":{"showFog":true,"showMaterialUpdate":false,"showSkybox":true,"showFlares":true,"showImageEffects":true,"showParticleSystems":true},"in2DMode":false,"pivot":{"x":70.0864486694336,"y":-0.25311756134033205,"z":17.152807235717775},"rotation":{"x":-0.038427531719207767,"y":-0.9375554323196411,"z":0.32776695489883425,"w":-0.10991810262203217},"size":10.61207103729248,"orthographic":false}