{"cameraMode":{"drawMode":0,"name":"Shaded","section":"Shading Mode"},"sceneLighting":false,"audioPlay":false,"sceneViewState":{"showFog":true,"showMaterialUpdate":false,"showSkybox":true,"showFlares":true,"showImageEffects":true,"showParticleSystems":true},"in2DMode":false,"pivot":{"x":0.091796875,"y":1.4188232421875,"z":1.83447265625},"rotation":{"x":0.1649366319179535,"y":-0.12360762059688568,"z":0.021028025075793268,"w":0.978302001953125},"size":12.141928672790528,"orthographic":true}