{"cameraMode":{"drawMode":0,"name":"Shaded","section":"Shading Mode"},"sceneLighting":false,"audioPlay":false,"sceneViewState":{"showFog":true,"showMaterialUpdate":false,"showSkybox":true,"showFlares":true,"showImageEffects":true,"showParticleSystems":true},"in2DMode":false,"pivot":{"x":-0.16260671615600587,"y":0.1070556640625,"z":0.054492950439453128},"rotation":{"x":-0.025534508749842645,"y":-0.028198471292853357,"z":-0.0006294099730439484,"w":0.9992759823799133},"size":0.09863460063934326,"orthographic":true}