{"cameraMode":{"drawMode":0,"name":"Shaded","section":"Shading Mode"},"sceneLighting":false,"audioPlay":false,"sceneViewState":{"showFog":true,"showMaterialUpdate":false,"showSkybox":true,"showFlares":true,"showImageEffects":true,"showParticleSystems":true},"in2DMode":false,"pivot":{"x":-2.350099802017212,"y":-0.5715584754943848,"z":1.6786975860595704},"rotation":{"x":0.17775513231754304,"y":-0.46524181962013247,"z":0.09594736993312836,"w":0.8618279099464417},"size":7.8100199699401859,"orthographic":false}