{"cameraMode":{"drawMode":0,"name":"Shaded","section":"Shading Mode"},"sceneLighting":false,"audioPlay":false,"sceneViewState":{"showFog":true,"showMaterialUpdate":false,"showSkybox":true,"showFlares":true,"showImageEffects":true,"showParticleSystems":true},"in2DMode":false,"pivot":{"x":62.599998474121097,"y":1.9299999475479127,"z":10.600000381469727},"rotation":{"x":0.30682629346847536,"y":0.6382368206977844,"z":-0.30830639600753786,"w":0.6351839303970337},"size":22.0,"orthographic":true}