{"cameraMode":{"drawMode":0,"name":"Shaded","section":"Shading Mode"},"sceneLighting":false,"audioPlay":false,"sceneViewState":{"showFog":true,"showMaterialUpdate":false,"showSkybox":true,"showFlares":true,"showImageEffects":true,"showParticleSystems":true},"in2DMode":false,"pivot":{"x":-7.535491943359375,"y":-1.090362548828125,"z":20.172164916992189},"rotation":{"x":0.07531759887933731,"y":-0.19084478914737702,"z":0.01468796655535698,"w":0.9786162972450256},"size":26.965187072753908,"orthographic":false}