{"cameraMode":{"drawMode":0,"name":"Shaded","section":"Shading Mode"},"sceneLighting":false,"audioPlay":false,"sceneViewState":{"showFog":true,"showMaterialUpdate":false,"showSkybox":true,"showFlares":true,"showImageEffects":true,"showParticleSystems":true},"in2DMode":false,"pivot":{"x":-0.09258551150560379,"y":3.182097911834717,"z":0.18051384389400483},"rotation":{"x":0.040552884340286258,"y":-0.10978671163320542,"z":0.004482688382267952,"w":0.9931174516677856},"size":0.4086092710494995,"orthographic":false}