{"cameraMode":{"drawMode":0,"name":"Shaded","section":"Shading Mode"},"sceneLighting":false,"audioPlay":false,"sceneViewState":{"showFog":true,"showMaterialUpdate":false,"showSkybox":true,"showFlares":true,"showImageEffects":true,"showParticleSystems":true},"in2DMode":false,"pivot":{"x":-0.1434326171875,"y":0.630767822265625,"z":0.0338134765625},"rotation":{"x":0.04668351635336876,"y":-0.7463601231575012,"z":-0.05281077325344086,"w":-0.6617992520332336},"size":0.20375338196754456,"orthographic":true}