{"cameraMode":{"drawMode":0,"name":"Shaded","section":"Shading Mode"},"sceneLighting":false,"audioPlay":false,"sceneViewState":{"showFog":true,"showMaterialUpdate":false,"showSkybox":true,"showFlares":true,"showImageEffects":true,"showParticleSystems":true},"in2DMode":false,"pivot":{"x":37.744140625,"y":-25.857662200927736,"z":8.758759498596192},"rotation":{"x":0.2625272274017334,"y":-0.6817606687545776,"z":0.2893601059913635,"w":0.6185083389282227},"size":44.200836181640628,"orthographic":false}