{"cameraMode":{"drawMode":0,"name":"Shaded","section":"Shading Mode"},"sceneLighting":false,"audioPlay":false,"sceneViewState":{"showFog":true,"showMaterialUpdate":false,"showSkybox":true,"showFlares":true,"showImageEffects":true,"showParticleSystems":true},"in2DMode":false,"pivot":{"x":62.599998474121097,"y":13.948126792907715,"z":10.599998474121094},"rotation":{"x":-0.30160048604011538,"y":-0.6767792105674744,"z":0.3601287603378296,"w":-0.5668460726737976},"size":20.759437561035158,"orthographic":false}