{"cameraMode":{"drawMode":0,"name":"Shaded","section":"Shading Mode"},"sceneLighting":false,"audioPlay":false,"sceneViewState":{"showFog":true,"showMaterialUpdate":false,"showSkybox":true,"showFlares":true,"showImageEffects":true,"showParticleSystems":true},"in2DMode":false,"pivot":{"x":0.0014890432357788087,"y":0.7134137153625488,"z":-0.08002209663391113},"rotation":{"x":-0.09838001430034638,"y":-0.30395185947418215,"z":0.03140227124094963,"w":-0.9470736980438232},"size":9.01098346710205,"orthographic":true}