{"cameraMode":{"drawMode":0,"name":"Shaded","section":"Shading Mode"},"sceneLighting":false,"audioPlay":false,"sceneViewState":{"showFog":true,"showMaterialUpdate":false,"showSkybox":true,"showFlares":true,"showImageEffects":true,"showParticleSystems":true},"in2DMode":false,"pivot":{"x":73.88134765625,"y":3.2216796875,"z":29.3779296875},"rotation":{"x":-0.3408597409725189,"y":-0.29495152831077578,"z":0.11357270181179047,"w":-0.8853923082351685},"size":5.002008438110352,"orthographic":true}